,0,1,2
0,13,AAG,0.9006601168115256
1,8,ACU,0.896806950609878
2,8,ACG,0.896806950609878
3,18,AAG,0.896806950609878
4,18,AAA,0.896806950609878
5,12,UUC,0.896806950609878
6,7,GGG,0.896806950609878
7,11,AAG,0.896806950609878
8,12,UUU,0.896806950609878
9,14,AAG,0.896806950609878
10,12,UUC,0.896806950609878
11,18,AAG,0.896806950609878
12,0,GGC,0.896806950609878
13,2,UUC,0.896806950609878
14,8,AGG,0.9000524969818398
15,14,GAG,0.8985310514909662
16,6,UGC,0.8985310514909662
17,10,UGC,0.8985310514909662
18,12,UUU,0.8985310514909662
19,3,UGC,0.8985310514909662
