,ts,seq,fitness
0,0,CPIEDFLMAMDMGPWIASFR,0.7165169879064518
1,1,CPIEDFLLAMDMGPWIASFR,0.7408926196423993
2,2,CPIEDFLLAMDMDPWIASFR,0.7459107761922342
3,3,CPIEDFLLAMDMDPWIASFR,0.7459107761922342
4,4,CPIEDFLLAMDMEPWIASFR,0.7438541973128839
5,5,CPIEDFLLAMDMQPWIASFR,0.7447298123073611
6,6,CPIEDFLLAMDMQPWIASFR,0.7447298123073611
7,7,CPIEDFLLAMDMQPWIASFR,0.7447298123073611
8,8,CPIEDFLLAMDMQPWIASFR,0.7447298123073611
9,9,CPIEDFLLAMDMQPWIASFR,0.7447298123073611
10,10,CPIEDFLLAMDMQPWIASFR,0.7447298123073611
11,11,CPIEDFLLAMDMQTWIASFR,0.7712013112875832
12,12,CPIEDFLLAMDMQTWIASFR,0.7712013112875832
13,13,CPIEDFLLEMDMQTWIASFR,0.8084463531734157
14,14,CPIEDFLLEMDMQTWIASFR,0.8084463531734157
15,15,CPIEDFLLEMDMQTWIASFR,0.8084463531734157
16,16,CPIEDFLLEMDMQTWIASFR,0.8084463531734157
17,17,CPIEDFLLDMDMQTWIASFR,0.8128897972850256
18,18,CPIEDFLLDMDMQTWIASFR,0.8128897972850256
19,19,CPIEDFLLDMDMQTWIASFR,0.8128897972850256
20,20,CPIEDFLLDMDMQTWIASFR,0.8128897972850256
21,21,CSIEDFLLDMDMQTWIASFR,0.813159961525277
22,22,CSIEDFLLDMDMQTWIATFR,0.8108479467741736
23,23,CSIEDFLLNMDMQTWIATFR,0.8076334714599291
24,24,CSIEDFLLNMDMQTWISTFR,0.8036797475125376
25,25,CSIEDFLLNMDMQTWISTFR,0.8036797475125376
26,26,CSIEDFLLNMDMETWISTFR,0.8021881153532273
27,27,CSIEDFLLNMDMETWISTFR,0.8021881153532273
28,28,CSIEDFLLNMDMETWITTFR,0.8021347695635453
29,29,CSIEDFLLNMDMETWITTFR,0.8021347695635453
30,30,CSIEDFLLNMDMETWITTFR,0.8021347695635453
31,31,CSIEDFLLNMDMETWITTFR,0.8021347695635453
32,32,CSIEDFLLNMDMETWITKFR,0.8115325282128253
33,33,CSIEDFLLNMDMETWITKFR,0.8115325282128253
34,34,CSIEDFLLNMDMETWITKFR,0.8115325282128253
35,35,CSIEDFLLNMDMDTWITKFR,0.8138234425665959
36,36,CSIEDFLLNMDMDTWITKFR,0.8138234425665959
37,37,CSIEDFLLNMDMDSWITKFR,0.8165727844206676
38,38,CSIEDFLLNMDMDSWITKFR,0.8165727844206676
39,39,CSIEDFLLNMNMDSWITKFR,0.8174293820209
40,40,CSIEDFLLNMNMDSWITKFR,0.8174293820209
41,41,CSIEDFLLNMNMDSWITKFR,0.8174293820209
42,42,CSIEDFLLNMNMDSWITKFR,0.8174293820209
43,43,CSIEDFLLNMNMDSWITKFR,0.8174293820209
44,44,CSIEDFLLNMNMDSWITKFR,0.8174293820209
45,45,CSIEDFLLNMNLDSWITKFR,0.8201921787275889
46,46,CSIEDFLLNMNLDSWITKFR,0.8201921787275889
47,47,CSIEDFLLNMNLDSWITKFR,0.8201921787275889
48,48,CSIEDFLLNMNLDSWITKFR,0.8201921787275889
49,49,CSIEDFLLNMNLDSWITKFR,0.8201921787275889
50,50,CSIEDFLLNMNLDSWITKFR,0.8201921787275889
51,51,CSIEDFLLNMNLDSWITKFR,0.8201921787275889
52,52,CSIEDFLLNMNLDSWITKFR,0.8201921787275889
53,53,CSIEDFLLNMNLDSWITKFR,0.8201921787275889
54,54,CSIEDFLLNMNLDSWITKFR,0.8201921787275889
55,55,CSFEDFLLNMNLDSWITKFR,0.8244306436090316
56,56,CSFEDFLLNMNLDSWITKFR,0.8244306436090316
57,57,CSFEDFLLNMNLDSWISKFR,0.826057899828488
58,58,CSFEDFLLNMNLDSWISKFR,0.826057899828488
59,59,CSFEDFLLNMNLDSWISKFR,0.826057899828488
60,60,CPFEDFLLNMNLDSWISKFR,0.8237563228891336
61,61,CPFEDFLLNMNLDSWISKFR,0.8237563228891336
62,62,CPFEDFLLNMNLDSWISKFR,0.8237563228891336
63,63,CPFEDFLLNMNLDSWISKFR,0.8237563228891336
64,64,CPFEDFLLNMNLDSWISKFR,0.8237563228891336
65,65,CPFEDFLLNMNLDSWISKFR,0.8237563228891336
66,66,CPFEDFLLKMNLDSWISKFR,0.831589109685031
67,67,CRFEDFLLKMNLDSWISKFR,0.8307564693787512
68,68,CRFKDFLLKMNLDSWISKFR,0.8550850021753604
69,69,CRFKDFLLKMNLDSWISKFR,0.8550850021753604
70,70,CRFKDFLLKMNLDSWISKFR,0.8550850021753604
71,71,CRFKDFLLKMNHDSWISKFR,0.8586439232863654
72,72,CRFKDFLLKMNHDSWISKFR,0.8586439232863654
73,73,CRFKDFLLKMNHDSWISKFR,0.8586439232863654
74,74,CRFKDFLLKMNHDSWISKFR,0.8586439232863654
75,75,CRFKDFLLKMNHDSWISKFR,0.8586439232863654
76,76,CRFKDFLLKMNHDSWISEFR,0.8572013065564418
77,77,CRFKDFFLKMNHDSWISEFR,0.8589743716563625
78,78,CRFKDFFLKMNYDSWISEFR,0.8644388404982732
79,79,CRFKDFFLKMNYDSWISEFR,0.8644388404982732
80,80,CRFKDFFLKMNYDSWISEFR,0.8644388404982732
81,81,CRFKDFFLKMNYDSWISEFR,0.8644388404982732
82,82,CRFKDFFLKMNYDSWISEFR,0.8644388404982732
83,83,CRFKDFFLKMNYDSWISEFR,0.8644388404982732
84,84,CRFKDFFLKMNYDSWISEFR,0.8644388404982732
85,85,CRFKDFFLKMNYDSWISEFR,0.8644388404982732
86,86,CRFKDFFLKMNYDSWISEFR,0.8644388404982732
87,87,CRFKDFFLKMNYDSWMSEFR,0.8682358150481919
88,88,CRFKDFFLKMNYDSWMSEFR,0.8682358150481919
89,89,CRFKDFFLKMNYDSWMSEFR,0.8682358150481919
90,90,CRFKDFFLKMNYDSWMSEFR,0.8682358150481919
91,91,CRFKDFFLKMKYDSWMSEFR,0.8748602366313263
92,92,CRFKDFFLKMKYDSWMSEFR,0.8748602366313263
93,93,CRFKDFFLKMKYDSWMSEFR,0.8748602366313263
94,94,CRFKDFFLKMKYDSWMSEFR,0.8748602366313263
95,95,CRFKDFFLKMKYDSWMSDFR,0.8748187045249477
96,96,CRFKDFFLKMKYDSWMSDFR,0.8748187045249477
97,97,CRFKDFFLNMKYDSWMSDFR,0.8684698294335313
98,98,CRFKDFFLNMKYDSWMSDFR,0.8684698294335313
99,99,CGFKDFFLNMKYDSWMSDFR,0.8671325959789954
100,100,CGFKDFFLNMKYDSWMSDFR,0.8671325959789954
101,101,CGFKDFFLNMKYDSWMSDFR,0.8671325959789954
102,102,CGFKDFFLNMKYDSWMSEFR,0.8670464586668023
103,103,CGFKDFFLDMKYDSWMSEFR,0.8697187309661608
104,104,CGFKDFFLDMKYDSWMSEFR,0.8697187309661608
105,105,CRFKDFFLDMKYDSWMSEFR,0.8698145845120213
106,106,CRFKDFFLDMKYDSWMSEFR,0.8698145845120213
107,107,CRFKDFFLDMKYDSWMSEFR,0.8698145845120213
108,108,CSFKDFFLDMKYDSWMSEFR,0.8726329720569261
109,109,CSFKDFFLDMKYESWMSEFR,0.8698473678149565
110,110,CSFKDFFLDMKYESWMSEFR,0.8698473678149565
111,111,CSFKDFFLDMKYESWMSDFR,0.8698493642367882
112,112,CSIKDFFLDMKYESWMSDFR,0.8666503084409048
113,113,CSIKDFFLDMKYKSWMSDFR,0.870185140877732
114,114,CSIKDFFLDMKYKSWMSDFR,0.870185140877732
115,115,CSIKDFFLDMKYKSWMSDFR,0.870185140877732
116,116,CRIKDFFLDMKYKSWMSDFR,0.8665773093513282
117,117,CRIKDLFLDMKYKSWMSDFR,0.8598542758823364
118,118,CRIKDLFFDMKYKSWMSDFR,0.8736939727411586
119,119,CRIKDLFFDMQYKSWMSDFR,0.8656801625188076
120,120,CRIKELFFDMQYKSWMSDFR,0.8658186713521997
121,121,CRIKEMFFDMQYKSWMSDFR,0.867435929800213
122,122,CRMKEMFFDMQYKSWMSDFR,0.8734655454502075
123,123,CRMKEMFFDMQYKSWMSDFR,0.8734655454502075
124,124,CRMKEMFFDMQYKSWMSDFR,0.8734655454502075
125,125,CTMKEMFFDMQYKSWMSDFR,0.8734563459760514
126,126,CTMKDMFFDMQYKSWMSDFR,0.8731590529579758
127,127,CTMKDMFFDMRYKSWMSDFR,0.8742228196499136
128,128,CTMKDMFFDMRYKSWMSDFR,0.8742228196499136
129,129,CTMKEMFFDMRYKSWMSDFR,0.874620299997299
130,130,CTMKEMFFDMRYKSWMSDFR,0.874620299997299
131,131,CTMKEMFFDMRYKSWMSEFR,0.8747966180682964
132,132,CTMKEMFFDMRYKSWMSEFR,0.8747966180682964
133,133,CTMKEMFFDMRYKSWMSEFR,0.8747966180682964
134,134,CTMKEMFFDMRYKSWMSEFR,0.8747966180682964
135,135,CTMKEMFFEMRYKSWMSEFR,0.8725755324884986
136,136,CTMKEMFFEMRYKSWMSEFR,0.8725755324884986
137,137,CTMKEMFFEMSYKSWMSEFR,0.8695327703088596
138,138,CTMKEMFFEMSYKSWMTEFR,0.8687156109039297
139,139,CTMKEMFFEMSYKSWMTQFR,0.86811170520338
140,140,CTMKEMFFEMSYKSWMTQFR,0.86811170520338
141,141,CTMKEMFFEMSYKSWMTQFR,0.86811170520338
142,142,CTMKEMFFEMSYKSWMTQFR,0.86811170520338
143,143,CTMKEMFFEMSYKSWMTQFR,0.86811170520338
144,144,CTMKEMFFEMSYKSWMTQFR,0.86811170520338
145,145,CTMKEMFFEMSYKSWMTQFR,0.86811170520338
146,146,CTMKEMFFEMSYKSWMSQFR,0.86902611418273
147,147,CTMKEMFFEMSYKSWMSQFR,0.86902611418273
148,148,CTMKEMFFEMRYKSWMSQFR,0.8721429706765962
149,149,CTMKEMFFEMRYKSWMSQFR,0.8721429706765962
150,150,CTMKEMFFEMRYKSWMSQFR,0.8721429706765962
151,151,CTMKEMFFEMRYKSWMSQFR,0.8721429706765962
152,152,CTMKEMFFQMRYKSWMSQFR,0.872293916758906
153,153,CTMKEMFFEMRYKSWMSQFR,0.8721429706765962
154,154,CTMKDMFFEMRYKSWMSQFR,0.8714316915870052
155,155,CTMKDMFFEMRYKSWMSQFR,0.8714316915870052
156,156,CTMKDMFFEMRCKSWMSQFR,0.8663820062570396
157,157,CTIKDMFFEMRCKSWMSQFR,0.8587570640446655
158,158,CTIKDMFFEMRCKSWMTQFR,0.8575754888394561
159,159,CTIKDMFFEMRCKSWMTQFR,0.8575754888394561
160,160,CTIKDMFFEMRCKSWMTQFR,0.8575754888394561
161,161,CTIKDMFFEMRCKSWMTKFR,0.8609728490101007
162,162,CTIKDMFFEMRCKSWMTKFR,0.8609728490101007
163,163,CTMKDMFFEMRCKSWMTKFR,0.8682066627614432
164,164,CTMKDMFFEMRCKSWMSKFR,0.8692958565787775
165,165,CTMKEMFFEMRCKSWMSKFR,0.8680624878284569
166,166,CTMKEMFFDMRCKSWMSKFR,0.8663724224997379
167,167,CTMKEMFFDMRCKSWMSKFR,0.8663724224997379
168,168,CTMKEMFFDMRCKSWMSKFR,0.8663724224997379
169,169,CTMKEMFFNMRCKSWMSKFR,0.8663848119771589
170,170,CTMKEMFFNMRCKSWMSKFR,0.8663848119771589
171,171,CTMKEMFFNMRCKSWMSKFR,0.8663848119771589
172,172,CTMKEMFFNMRCKSWMSKFR,0.8663848119771589
173,173,CTMKEMFFNMRCKSWMSKFR,0.8663848119771589
174,174,CTMKEMFFNMRCKSWMSKFR,0.8663848119771589
175,175,CTMKEMFFNMRCKSWMSKFR,0.8663848119771589
176,176,CNMKEMFFNMRCKSWMSKFR,0.8691988338658181
177,177,CNMKEMFFNMRCKSWMSKFR,0.8691988338658181
178,178,CNMKEMFFNMRCKSWMSKFR,0.8691988338658181
179,179,CNMKEMFFNMRCKSWMSKFR,0.8691988338658181
180,180,CNMKEIFFNMRCKSWMSKFR,0.8702589285182635
181,181,CNMKEIFFNMRCKSWMSKFR,0.8702589285182635
182,182,CNMKEIFFNMRCKSWMSKLR,0.8733329905291288
183,183,CNMKEIFFNMRCKSWMSKLR,0.8733329905291288
184,184,CNMKEIFFNMRCKSWMSKLR,0.8733329905291288
185,185,CNMKEIFFNMRCKSWMSKLR,0.8733329905291288
186,186,CNMKEIFFNMRCKSWMSKLR,0.8733329905291288
187,187,CNMKEIFFNMRCKSWMSKLR,0.8733329905291288
188,188,CTMKEIFFNMRCKSWMSKLR,0.8699104315856706
189,189,CTMKEIFFNMRCKSWMSKLR,0.8699104315856706
190,190,CTMKEIFFNMRCKSWMSKLR,0.8699104315856706
191,191,CSMKEIFFNMRCKSWMSKLR,0.873511025588115
192,192,CSMKEIFFNMRCKSWMSKLR,0.873511025588115
193,193,CSMKDIFFNMRCKSWMSKLR,0.8742201959409174
194,194,CSMKEIFFNMRCKSWMSKLR,0.873511025588115
195,195,CSMKEIFFDMRCKSWMSKLR,0.8739125538230257
196,196,CSMKEIFFDMRCKSWMSKLR,0.8739125538230257
197,197,CSMKEIFFDMRYKSWMSKLR,0.8800246640280016
198,198,CSMKEIFFDMRYKSWISKLR,0.875448978865957
199,199,CSMKEIFFDMRYKSWISKLR,0.875448978865957
200,200,CSMKEIFFDMRYKSWISKLR,0.875448978865957
201,201,CSMKEIFFDMRYKSWISKLR,0.875448978865957
202,202,CSMKEIFFDMKYKSWISKLR,0.882369135802667
203,203,CSMKEIFFDMKYKSWISKLR,0.882369135802667
204,204,CSMKEIFFDMKYKSWISKLR,0.882369135802667
205,205,CSMKEIFFDMKYKSWISKLR,0.882369135802667
206,206,CSMKEIFFNMKYKSWISKLR,0.8824159299821389
207,207,CNMKEIFFNMKYKSWISKLR,0.8824735383330791
208,208,CNMKEIFFNMKYKSWISKLR,0.8824735383330791
209,209,CNMKEIFFNMKYKSWISKLR,0.8824735383330791
210,210,CNMKEIFFNMKYKSWISKLR,0.8824735383330791
211,211,CNMKEIFFNMKYKSWMSKLR,0.8837596920269195
212,212,CNMKEIFFNMKYKSWMSKLR,0.8837596920269195
213,213,CNMKEIFFNMKYKSWMSKLR,0.8837596920269195
214,214,CNMKEIFFNMKYKSWMSELR,0.8798467680934908
215,215,CNMKEIFFNMKYKSWMSDLR,0.8803732193921272
216,216,CNMKEIFFNMKYKSWMSELR,0.8798467680934908
217,217,CSMKEIFFNMKYKSWMSELR,0.8799824557767174
218,218,CSMKEIFFNMKYKSWMSELR,0.8799824557767174
219,219,CSMKEIFFNMKYKSWMSELR,0.8799824557767174
220,220,CSMKEIFFNMKYKSWMSELR,0.8799824557767174
221,221,CSMKEIFFNMKYKSWMSELR,0.8799824557767174
222,222,CSMKEIFFNMKYKSWMSEFR,0.8786194035259269
223,223,CSMKEIFFNMKYKSWMSEFR,0.8786194035259269
224,224,CSMKEIFFNMKYKSWMSELR,0.8799824557767174
225,225,CSMKEIFFNMKYKSWMSELR,0.8799824557767174
226,226,CSMKEIFFNMKYKSWMSELR,0.8799824557767174
227,227,CSMKEIFFNMKYKSWISELR,0.8801596267366655
228,228,CSMKEIFFNMKYKSWISELR,0.8801596267366655
229,229,CSMKEIFFNMKYKSWISELR,0.8801596267366655
230,230,CSMKEIFFNMKYKSWMSELR,0.8799824557767174
231,231,CSMKEIFFNMKYKSWMSELR,0.8799824557767174
232,232,CSMKEIFFNMKYKSWMSELR,0.8799824557767174
233,233,CSMKEIFFNMKYKSWMSELR,0.8799824557767174
234,234,CSMKEFFFNMKYKSWMSELR,0.8718714188252222
235,235,CSMKEFFFNMKYKSWMTELR,0.8688017493077718
236,236,CSMKEFFFNMKYKSWMTELR,0.8688017493077718
237,237,CSMKEFFFNMKYKSWITELR,0.868152712457973
238,238,CSMKEFFFNMKYKSWITELR,0.868152712457973
239,239,CSMKEFFFNMKYKSWFTELR,0.8682505646611252
240,240,CSMKEFFFNMKYKSWFTELR,0.8682505646611252
241,241,CSMKEFFFNMKYKSWFTDLR,0.8672548378591708
242,242,CSMKEFFFNMKYKSWFTDLR,0.8672548378591708
243,243,CGMKEFFFNMKYKSWFTDLR,0.8633198832974522
244,244,CGMKEFFFNMKYKSWFTDLR,0.8633198832974522
245,245,CGMKEFFFNMKYKSWFTDLR,0.8633198832974522
246,246,CGMKEFFFNMKYKPWFTDLR,0.8715542000974785
247,247,CGMKEFFFNMKYKPWFTDLR,0.8715542000974785
248,248,CGMKEFFFSMKYKPWFTDLR,0.8729186033635038
249,249,CGMKEFFFSMKYKPWFTDLR,0.8729186033635038
250,250,CGMKEFFFSMKYKPWFTDLR,0.8729186033635038
251,251,CGMKEFFFSMKYKPWFTDLR,0.8729186033635038
252,252,CGMKEFFFSMKYKPWFTDLR,0.8729186033635038
253,253,CGMKEFFFSMKYKPWFTDLR,0.8729186033635038
254,254,CGMKEFFFSMKYKPWFTELR,0.8744265992319935
255,255,CGMKEFFFSMKYNPWFTELR,0.8661473885626391
256,256,CGMKEFFFSMKYNPWLTELR,0.8626824386059747
257,257,CGMKEFFFSMKYNPWLTDLR,0.8616687815298996
258,258,CGMKEFFFSMKYNPWLTDLR,0.8616687815298996
259,259,CGMKEFFFSMKYNPWLTDLR,0.8616687815298996
260,260,CGMKEFFFSMKYNPWLTDFR,0.8744336429465629
261,261,CGMKEFFFSMKYNQWLTDFR,0.8848991453284994
262,262,CGMKEFFFSMKYNQWLTDFR,0.8848991453284994
263,263,CGMKEFFFSMKYNQWLTDFR,0.8848991453284994
264,264,CGMKEFFFSMKYNQWLTEFR,0.8852060467085063
265,265,CGMKEFFFSMKYNRWLTEFR,0.8988257029415873
266,266,CGMKEFFFSMKYNRWLTEFR,0.8988257029415873
267,267,CGMKEFFFSMKYNRWLTEFR,0.8988257029415873
268,268,CGMKEFFFSMKYNRWLTEFR,0.8988257029415873
269,269,CGMKEFFFSMKYNRWLTQFR,0.8980320630067645
270,270,CGMKEFFFSMKYNRWLTQFR,0.8980320630067645
271,271,CGMKEFFFSMKYNRWLTQFR,0.8980320630067645
272,272,CGMKEFFFSMKYNRWLTQFR,0.8980320630067645
273,273,CGMKEFFFNMKYNRWLTQFR,0.8974627062974422
274,274,CGMKDFFFNMKYNRWLTQFR,0.8973548713755295
275,275,CRMKDFFFNMKYNRWLTQFR,0.8991890145636717
276,276,CRMKDFFFNMKYNRWLTQFR,0.8991890145636717
277,277,CRMKDFFFKMKYNRWLTQFR,0.9055046979894359
278,278,CRMKDFFFKMKYNRWLTQFR,0.9055046979894359
279,279,CRMKDFFFKMKYKRWLTQFR,0.910857462843241
280,280,CRMKDFFFKMKYKRWLTRFR,0.9097077662160427
281,281,CRMKDFFFKMKYKRWLTRFR,0.9097077662160427
282,282,CRMKDFFFKMKYKRWLTRFR,0.9097077662160427
283,283,CRMKEFFFKMKYKRWLTRFR,0.908498803419118
284,284,CRMKEFFFKMKYKRWLTGFR,0.907763449200241
285,285,CRMKEFFFKMKYKRWLTGFR,0.907763449200241
286,286,CRMKDFFFKMKYKRWLTGFR,0.9085686326530087
287,287,CRMKDFFFKMKYKRWLTGFR,0.9085686326530087
288,288,CRMKDFFFKMKYKRWLTGFR,0.9085686326530087
289,289,CRMKDFFFKMKYKRWLTGFR,0.9085686326530087
290,290,CPMKDFFFKMKYKRWLTGFR,0.9083341073094358
291,291,CPMKDFFFKMKYKRWLTGFR,0.9083341073094358
292,292,CRMKDFFFKMKYKRWLTGFR,0.9085686326530087
293,293,CRMKDFFFKMKYKRWLTGFR,0.9085686326530087
294,294,CRMKDFFFKMKYKRWLTGFR,0.9085686326530087
295,295,CRMKDFFFKMKYKRWLTGFR,0.9085686326530087
296,296,CRMKDFFFKMKYKRWLTGFR,0.9085686326530087
297,297,CRMKDFIFKMKYKRWLTGFR,0.9075049970553513
298,298,CSMKDFIFKMKYKRWLTGFR,0.9081912389247706
299,299,CRMKDFIFKMKYKRWLTGFR,0.9075049970553513
